Project_ID,Resource_ID,Cloud_Provider,Monthly_Cost
PRJ001,RES1001,AWS,1240.50
PRJ001,RES1002,AWS,320.00
PRJ002,RES1003,GCP,910.20
PRJ003,RES1004,Azure,430.00
PRJ004,RES1005,AWS,55.75
PRJ005,RES1006,GCP,2100.00
PRJ006,RES1007,Azure,760.10
PRJ007,RES1008,AWS,180.00
,RES1009,GCP,99.99
PRJ009,RES1010,Azure,610.00
