Incident_ID,Project_ID,Incident_Date,Severity
INC001,PRJ001,2026-01-05,High
INC002,PRJ002,2026-01-09,Medium
INC003,PRJ003,2026-01-04,Low
INC004,PRJ005,2026-01-06,Critical
INC005,PRJ006,2026-01-15,Medium
INC006,PRJ011,2026-01-18,High
INC007,PRJ001,2026-01-20,Low
